-- Adminer 4.2.5 MySQL dump

SET NAMES utf8;
SET time_zone = '+00:00';
SET foreign_key_checks = 0;
SET sql_mode = 'NO_AUTO_VALUE_ON_ZERO';

DROP TABLE IF EXISTS `historial`;
CREATE TABLE `historial` (
  `idH` int(11) NOT NULL AUTO_INCREMENT,
  `id_paciente` int(11) NOT NULL,
  `motivo` varchar(100) COLLATE utf8_unicode_ci DEFAULT NULL,
  `idMotivo` int(11) NOT NULL,
  `fechaRegistro` date DEFAULT NULL,
  PRIMARY KEY (`idH`),
  KEY `usu_2` (`id_paciente`),
  CONSTRAINT `usu_2` FOREIGN KEY (`id_paciente`) REFERENCES `paciente` (`id`)
) ENGINE=InnoDB AUTO_INCREMENT=53 DEFAULT CHARSET=utf8 COLLATE=utf8_unicode_ci;

INSERT INTO `historial` (`idH`, `id_paciente`, `motivo`, `idMotivo`, `fechaRegistro`) VALUES
(17,	2,	'Sensoriales y Perceptuales',	2,	'2019-11-24'),
(19,	2,	'Motora y Praxis',	1,	'2019-11-24'),
(20,	2,	'Motora y Praxis',	1,	'2019-11-24'),
(21,	2,	'Cognitivas',	3,	'2019-11-24'),
(22,	1,	'Cognitivas',	3,	'2019-11-25'),
(28,	1,	'Sensoriales y Perceptuales',	2,	'2019-11-25'),
(30,	1,	'Motora y Praxis',	1,	'2019-11-25'),
(31,	2,	'Terapia',	27,	'2019-11-26'),
(32,	1,	'Sesion',	20,	'2019-11-26'),
(33,	1,	'Sesion',	21,	'2019-11-26'),
(34,	1,	'Sesion',	22,	'2019-11-26'),
(35,	1,	'Comunicacion y Sociales',	4,	'2019-12-06'),
(36,	1,	'Cognitivas',	3,	'2019-12-06'),
(37,	1,	'Terapia',	28,	'2019-12-06'),
(38,	1,	'Sesion',	23,	'2019-12-06'),
(39,	4,	'Cognitivas',	3,	'2019-12-06'),
(40,	4,	'Comunicacion y Sociales',	4,	'2019-12-06'),
(41,	4,	'Sensoriales y Perceptuales',	2,	'2019-12-06'),
(42,	4,	'Cognitivas',	3,	'2019-12-06'),
(43,	4,	'Comunicacion y Sociales',	4,	'2019-12-06'),
(44,	4,	'Motora y Praxis',	1,	'2019-12-06'),
(45,	4,	'Comunicacion y Sociales',	4,	'2019-12-06'),
(46,	4,	'Cognitivas',	3,	'2019-12-06'),
(47,	4,	'Comunicacion y Sociales',	4,	'2019-12-07'),
(48,	4,	'Cognitivas',	3,	'2019-12-07'),
(49,	4,	'Comunicacion y Sociales',	4,	'2019-12-07'),
(50,	4,	'Motora y Praxis',	1,	'2019-12-07'),
(51,	4,	'Cognitivas',	3,	'2019-12-07'),
(52,	4,	'Comunicacion y Sociales',	4,	'2019-12-07');

DROP TABLE IF EXISTS `paciente`;
CREATE TABLE `paciente` (
  `id` int(11) NOT NULL AUTO_INCREMENT,
  `nombres` varchar(100) CHARACTER SET latin1 COLLATE latin1_spanish_ci NOT NULL,
  `apellidos` varchar(100) CHARACTER SET latin1 COLLATE latin1_spanish_ci NOT NULL,
  `direccion` varchar(150) CHARACTER SET latin1 COLLATE latin1_spanish_ci NOT NULL,
  `telefono` varchar(50) CHARACTER SET latin1 COLLATE latin1_spanish_ci NOT NULL,
  `numeroDocumento` varchar(50) CHARACTER SET latin1 COLLATE latin1_spanish_ci NOT NULL,
  `fechaNacimiento` date NOT NULL,
  `edad` int(11) NOT NULL,
  `estado` varchar(50) NOT NULL,
  PRIMARY KEY (`id`),
  UNIQUE KEY `id` (`id`)
) ENGINE=InnoDB AUTO_INCREMENT=13 DEFAULT CHARSET=latin1;

INSERT INTO `paciente` (`id`, `nombres`, `apellidos`, `direccion`, `telefono`, `numeroDocumento`, `fechaNacimiento`, `edad`, `estado`) VALUES
(1,	'MARIA',	'ALEJANDRA',	'CLL 6',	'123243',	'123',	'1959-08-13',	60,	'Activo'),
(2,	'mj',	'kj',	'fcgfvf',	'568',	'1314',	'1995-08-12',	24,	''),
(3,	'juan pablo',	'cruz',	'cll 1',	'123456',	'435',	'1959-11-15',	60,	'Activo'),
(4,	'juan ',	'caceres caceres',	'cll-134',	'34234',	'12343',	'1959-12-04',	60,	'Activo'),
(6,	'vale',	'caceres caceres',	'cll 8 ',	'34234',	'1243543',	'1959-12-05',	60,	'Activo'),
(7,	'dfsdf',	'trertr',	'34543fg',	'4343454',	'234',	'1959-12-12',	60,	'Activo'),
(8,	'ronald',	'jerez',	'cll 5 rr',	'455654',	'567',	'1959-12-19',	60,	'Activo'),
(9,	'jd',	'ret',	'sf3423',	'4543',	'4567',	'1960-11-29',	61,	'Activo'),
(10,	'tico',	'perez',	'cll 6',	'3344534',	'56546',	'1959-12-13',	60,	'Activo'),
(11,	'tal cual',	'jej',	'cll-134',	'34343',	'4534',	'1959-12-13',	60,	'Activo'),
(12,	'emi',	'jerez',	'cll 8',	'7868',	'33435',	'1959-12-26',	60,	'Activo');

DROP TABLE IF EXISTS `preguntas`;
CREATE TABLE `preguntas` (
  `id` int(10) NOT NULL AUTO_INCREMENT,
  `pregunta` varchar(800) CHARACTER SET utf8 DEFAULT NULL,
  `tipo_id` int(10) DEFAULT NULL,
  PRIMARY KEY (`id`),
  KEY `tipo` (`tipo_id`)
) ENGINE=MyISAM AUTO_INCREMENT=92 DEFAULT CHARSET=utf8 COLLATE=utf8_unicode_ci;

INSERT INTO `preguntas` (`id`, `pregunta`, `tipo_id`) VALUES
(1,	'La persona mayor presenta alteración a nivel del tono muscular encontrándose con espasticidad.',	1),
(2,	'La persona mayor presenta alteración a nivel del tono muscular encontrándose con flacidez.',	1),
(3,	'La persona mayor no realiza movimientos en contra de la gravedad en los segmentos corporales de Miembros superiores debido al déficit en la fuerza. ',	1),
(4,	'La persona mayor no realiza movimientos en contra de la gravedad en los segmentos corporales de Miembros inferiores debido al déficit en la fuerza.',	1),
(5,	'Durante la ejecución de movimientos se evidencia ligera resistencia para realizar acciones en contra de la gravedad en Miembro Superior. ',	1),
(6,	'Durante la ejecución de movimientos se evidencia ligera resistencia para realizar acciones en contra de la gravedad en Miembro Inferior.',	1),
(7,	'La persona mayor presenta limitaciones para completar los movimientos en segmentos corporales tales como hombro, codo, muñeca y dedos.',	1),
(8,	'La persona mayor proyecta dificultades para realizar movimientos precisos de mano que impliquen agarres, alcances, lanzamientos y soltar. (incluir pinzas digitales en otro item)',	1),
(9,	'La persona mayor presenta dificultades para realizar las pinzas digitales (presas bidigitales, pluridigitales y palmares). ',	1),
(10,	'La persona presenta dificultad para el desarrollo de actividades que impliquen del uso de grupos musculares pequeños (Coordinación motora fina). ',	1),
(11,	'La persona mayor presenta dificultad para realizar el patrón de marcha durante los desplazamientos. ',	1),
(12,	'La persona utiliza dispositivos de apoyo durante traslados (caminador, bastón, silla de ruedas).',	1),
(13,	'La persona mayor presenta disminución de la estabilidad corporal durante los cambios de posición. ',	1),
(14,	'La persona presenta caídas espontaneas desde la misma altura con frecuencia.',	1),
(15,	'La persona mayor presenta atrofias musculares o contracturas en uno o varios segmentos corporales.',	1),
(16,	'Durante la ejecución de las actividades la persona mayor proyecta fatiga e incremento del gasto de energía para cumplir con las demandas del ambiente. ',	1),
(17,	'La persona mayor presenta dolor durante la movilización de segmentos corporales. ',	1),
(18,	'Presenta edemas localizados en algún segmento corporal.',	1),
(19,	'La persona mayor presenta dificultades en la ejecución de movimientos coordinados y secuenciales para cumplir con una tarea en específica. ',	1),
(20,	'La persona mayor presenta dificulta para la ejecución de actividades que involucren de la coordinación de los hemicuerpos. ',	1),
(21,	'Durante la concepción y planificación de actos motrices nuevos la persona mayor presenta dificultades al elaborar respuestas dando cumplimiento a las demandas ambientales.  ',	1),
(22,	'La persona mayor no tiene la capacidad de percibir e interpretar estímulos sensoriales a nivel táctil.',	2),
(23,	'La persona requiere de mayor tiempo para el procesamiento de estímulos sensoriales percibidos del medio externo y elaborar respuestas adaptativas. ',	1),
(24,	'Se evidencia dificultad en la interpretación del tacto superficial sin ayuda de la visión. ',	2),
(25,	'La persona mayor presenta alteraciones en la percepción de estímulos internos a través de sensaciones propioceptivas, experiencias subjetivas y conocimiento intelectual del cuerpo. ',	2),
(26,	'La persona muestra dificultad para percibir la posición de dos o más objetos en relación con el cuerpo o la posición de los objetos entre sí. ',	2),
(27,	'La persona mayor presenta disminución de la capacidad visual para la percepción, reconocimiento y discriminación de estímulos. ',	2),
(28,	'La persona mayor presenta disminución de los niveles del umbral auditivo para la captación de estímulos sonoros. ',	2),
(29,	'La persona presenta disminución para reconocer y discriminar sabores. ',	2),
(30,	'En la persona mayor hay compromiso del sentido del olfato. ',	2),
(31,	'La persona tiene dificultad en la graduación de respuestas visuales ante cambios en la sensibilidad  lumínica. ',	2),
(32,	'La persona mayor demuestra alteraciones de percibir la ubicación en el espacio y la orientación en el tiempo. ',	2),
(33,	'La persona presenta dificultades en la percepción de dimensiones (Largo-corto, ancho-delgado, alto-bajo, gordo-flaco).',	2),
(34,	'La persona mayor proyecta problemas para el reconocimiento de derecha e izquierda. ',	2),
(35,	'La persona presenta dificultades en el reconocimiento de formas y objetos en diferentes posiciones, tamaños y lugares. ',	2),
(36,	'La persona mayor presenta problemas para el reconocimiento y discriminación de sensaciones térmicas. ',	2),
(37,	'La persona presenta perdida del equilibrio que genera sensaciones de mareo durante los cambios de posición que involucren movimientos de cabeza.',	2),
(38,	'La persona presenta disminución en la capacidad de alerta ante los estímulos ambientales. ',	3),
(39,	'La persona mayor tiene escasa habilidad para el reconocimiento de persona, lugar, hora y situación. ',	3),
(40,	'La persona presenta problemas en la identificación de caras, objetos y otros. ',	3),
(41,	'La persona mayor tiene dificultad para concentrarse en una tarea en específica durante un periodo de tiempo.',	3),
(42,	'La persona presenta perdida de la capacidad de juicio. ',	3),
(43,	'La persona mayor presenta déficits en la recopilación de la información a corto, mediano y largo plazo. ',	3),
(44,	'La persona demuestra dificultad en la capacidad de razonamiento de acuerdo a experiencias. ',	3),
(45,	'La persona mayor tiene problemas relacionados con la adquisición del aprendizaje. ',	3),
(46,	'La persona mayor tiene problemas en la organización de la información para formar pensamientos e ideas. ',	3),
(47,	'La persona presenta dificultades en la formación de conceptos con orden lógico y un significado.',	3),
(48,	'La persona mayor tiene dificultades para el almacenamiento y manipulación temporal de la información para la realización de tareas cognitivas complejas.  ',	3),
(49,	'La persona presenta dificultades para la localización y seguimiento de la información.',	3),
(50,	'La persona mayor tiene dificultades para identificar similitudes y diferencias entre las distintas partes de la información ambiental. ',	3),
(51,	'La persona presenta problemas para la aplicación de conceptos y conductas previamente aprendidas ante las experiencias vivenciadas. ',	3),
(52,	'La persona mayor tiene dificultades para el reconocimiento de un problema e identificación de alternativas para la solución del mismo. ',	3),
(53,	'La persona presenta dificultades para la pronunciación clara y concisa. ',	4),
(54,	'La persona mayor tiene problemas al manifestar desacuerdos o peticiones. ',	4),
(55,	'La persona presenta dificultades para involucrarse en círculos sociales. ',	4),
(56,	'La persona mayor presenta dificultades para la realización de preguntas con el propósito de solicitar información. ',	4),
(57,	'La persona tiene dificultades en la habilidad de conversar y expresar oraciones completas con algún tipo de significado. ',	4),
(58,	'La persona mayor presenta problemas para mantener el ritmo y fluidez en el habla. ',	4),
(59,	'La persona tiene dificultades al involucrarse con las demás personas.',	4),
(60,	'La persona mayor no posee la habilidad de producir un discurso claro en un tiempo de duración apropiado.',	4),
(61,	'La persona no cuenta con la habilidad para demostrar interés hacia los demás y colaborar en lo que requieran. ',	4),
(62,	'La persona mayor presenta dificultades al tener seguridad de sí mismo para mantener relaciones interpersonales. ',	4),
(63,	'La persona presenta problemas para defender el punto de vista de forma asertiva. ',	4),
(64,	'La persona mayor tiene dificultades para el mantenimiento de canales de comunicación asertivos y bidireccionales.',	4),
(65,	'La persona cuenta con actitudes desafiantes al mantener contactos con otros.',	4),
(66,	'La persona mayor evita compartir información de forma dual y grupal. ',	4),
(67,	'La persona mayor muestra conductas disruptivas en la participación con grupos sociales.',	4),
(68,	'La persona presenta dificultades para realizar críticas constructivas de acuerdo a las situaciones presentadas.',	4),
(69,	'La persona mayor tiene problemas para relacionarse apropiadamente en los diferentes entornos con los que interactúa. ',	4),
(70,	'La persona no cuenta con valores y principios basados en el respeto afectando las relaciones interpersonales. ',	4),
(71,	'La persona mayor evade todas aquellas situaciones que impliquen de contacto con el otro. ',	4),
(72,	'La persona mayor proyecta dificultades para el manejo de emociones y expresiones de acuerdo con la situación.',	5),
(73,	'Se evidencia en la persona escaso interés por la búsqueda de apoyo moral y emocional externo.',	5),
(74,	'La persona demuestra tendencias al aislamiento social.',	5),
(75,	'La persona mayor presenta escasa participación para la resolución de problemas.',	5),
(76,	'La persona mayor no proporciona apoyo afectivo a las demás personas.',	5),
(77,	'La persona muestra disminución del interés por llevar a cabo actividades que resulten satisfactorias. ',	5),
(78,	'Se evidencian actitudes negativas ante órdenes recibidas. ',	5),
(79,	'La persona presenta dificultades para la toma de decisiones propias.',	5),
(80,	'La persona mayor demuestra problemas en la regulación de sentimientos negativos ante situaciones vivenciadas.',	5),
(81,	'Se evidencia presencia de baja tolerancia a la frustración en la persona.',	5),
(82,	'La persona mayor proyecta dificultades para llevar a cabo la búsqueda de oportunidades para el desarrollo personal. ',	5),
(83,	'La persona demuestra y manifiesta sentimientos subvalorados. ',	5),
(84,	'La persona demuestra y manifiesta sentimientos sobrevalorados.',	5),
(85,	'La persona demuestra aversión ante el apoyo recibido. ',	5),
(86,	'La persona mayor atribuye a otros la culpa de lo sucedido. ',	5),
(87,	'La persona denota pensamientos poco optimistas.',	5),
(88,	'La persona vivencia situaciones de autocrítica constante. ',	5),
(89,	'La persona presenta dificultades para auto controlarse y reconfortarse ante situaciones que resulten conflictivas.',	5),
(90,	'La persona mayor demuestra disminución de la autoestima, el autoconcepto y la autoimagen. ',	5),
(91,	'La persona proyecta problemas para el reconocimiento de las emociones del otro durante el establecimiento de relaciones interpersonales. ',	5);

DROP TABLE IF EXISTS `recomendacion`;
CREATE TABLE `recomendacion` (
  `idRe` int(10) NOT NULL AUTO_INCREMENT,
  `id_pregunta` int(10) DEFAULT NULL,
  `descripcion` varchar(300) CHARACTER SET utf8 COLLATE utf8_spanish_ci DEFAULT NULL,
  PRIMARY KEY (`idRe`),
  KEY `id_pregunta` (`id_pregunta`)
) ENGINE=MyISAM AUTO_INCREMENT=92 DEFAULT CHARSET=utf8 COLLATE=utf8_unicode_ci;

INSERT INTO `recomendacion` (`idRe`, `id_pregunta`, `descripcion`) VALUES
(2,	2,	'Normalizar el tono muscular a través de técnicas alternas, de barrido y presión (tapping). (Marco de referencia de Neurodesarrollo – Rood, Kabat, Bobath y Brustroom, Dutton)'),
(1,	1,	'Controlar y modular el tono muscular a través de técnicas inhibitorias (tapping), manipulación y descarga de peso, presión o resistencia. (Marco de referencia de Neurodesarrollo – Rood, Kabat, Bobath '),
(3,	3,	'Fortalecer grupos musculares de los miembros superiores mediante la ejecución de actividades que involucren contracciones isométricas.  (Marco de referencia de Biomecánico- Trombly, Pedretti, Dutton, '),
(4,	4,	'Fortalecer grupos musculares de los Miembros inferiores mediante la ejecución de actividades que involucren contracciones isométricas.  (Marco de referencia de Biomecánico- Trombly, Pedretti, Dutton, '),
(5,	5,	'Fortalecer grupos musculares de los Miembros superiores mediante actividades que demanden la ejecución de contracciones isotónicas con control y graduación de peso.  (Marco de referencia de Biomecánic'),
(6,	6,	'Incrementar la fuerza muscular en los Miembros inferiores mediante la ejecución de actividades que involucren contracciones isotónicas con control y graduación de peso.  (Marco de referencia de Biomec'),
(7,	7,	'Aumentar rangos articulares en miembros superiores por medio de actividades que impliquen movilización activo-asistida de los segmentos corporales tales como hombro, codo, muñeca y dedos. (Marco de re'),
(8,	8,	'Fortalecer los patrones integrales a través de actividades que impliquen de movimientos precisos, secuenciales y coordinados. (Marco de referencia de Biomecánico- Trombly, Pedretti, Dutton, Baldwin, R'),
(9,	9,	'Entrenar las pinzas digitales mediante actividades que impliquen la manipulación precisa de objetos. (Marco de referencia de Biomecánico- Trombly, Pedretti, Dutton, Baldwin, Red).'),
(10,	10,	'Facilitar la coordinación motora fina a través de actividades que impliquen del control y precisión manual de muñeca y dedos. (Marco de referencia de Biomecánico- Trombly, Pedretti, Dutton, Baldwin, R'),
(11,	11,	'Favorecer los patrones locomotores mediante actividades que involucren movimientos coordinados que requieran de la utilización de grandes grupos musculares. (Marco de referencia de Biomecánico- Trombl'),
(12,	12,	'Entrenar en el uso de dispositivos de asistencia por medio de actividades educativas y vivenciales donde se evidencie el soporte, ajuste y control de los segmentos corporales al realizar los traslados'),
(13,	13,	'Fomentar las reacciones de enderezamiento y equilibrio mediante actividades que impliquen control motor de los segmentos corporales con la musculatura agonista y antagonista. (Marco de referencia de Neurodesarrollo – Rood, Kabat, Bobath y Brustroom, Dutton).'),
(14,	14,	'Favorecer la estabilidad corporal a través de actividades que impliquen de movimientos en contra de la gravedad. (Marco de referencia de Biomecánico- Trombly, Pedretti, Dutton, Baldwin, Red).'),
(15,	15,	'Conservar los grados de movimiento por medio de actividades que permitan elongación, comprensión y tracción muscular. (Marco de referencia de Biomecánico- Trombly, Pedretti, Dutton, Baldwin, Red).'),
(16,	16,	'Aumentar gradualmente la tolerancia al tiempo de trabajo mediante actividades que demanden actos motrices de un tiempo significativo. (Marco de referencia de Adaptación ocupacional. Spencer, Davidson, Schkade, Schultz)'),
(17,	17,	'Controlar umbrales de dolor mediante actividades que gradúen series de movimientos de forma pasivo asistida que implique de periodos de descanso. (Marco de referencia de Biomecánico- Trombly, Pedretti, Dutton, Baldwin, Red).'),
(18,	18,	'Controlar el edema presente a través de actividades que involucren posicionamiento y movilización articular. (Marco de referencia de Biomecánico- Trombly, Pedretti, Dutton, Baldwin, Red).'),
(19,	19,	'Facilitar la ejecución de actos motrices gruesos por medio de actividades que impliquen de movimientos coordinados, sinérgicos y armónicos de la musculatura agonista y antagonista. (Marco de referencia de Biomecánico- Trombly, Pedretti, Dutton, Baldwin, Red).'),
(20,	20,	'Favorecer la integración bilateral mediante actividades que implique movimientos bimanuales. (Marco de referencia de Biomecánico- Trombly, Pedretti, Dutton, Baldwin, Red).'),
(21,	21,	'Facilitar la ejecución de praxis a través de actividades que requieran de ideación y realización de actos motrices novedosos. (Marco de referencia de Biomecánico- Trombly, Pedretti, Dutton, Baldwin, Red).'),
(22,	22,	'Favorecer el registro táctil por medio de actividades que involucren estímulos suaves, ásperos, vibratorios y cambios en la temperatura.  (Marco de referencia de Integración sensorial – Jean Ayres). '),
(23,	23,	'Facilitar la transmisión de la información sensorial procesada a través de actividades que requieran estímulos multisensoriales. (Marco de referencia de Integración sensorial – Jean Ayres). '),
(24,	24,	'Facilitar la identificación de objetos mediante actividades que impliquen propiocepción, cognición y sentido del tacto con variación de características como volumen, tamaño y forma. (Marco de referencia de Integración sensorial – Jean Ayres).'),
(25,	25,	'Favorecer la interpretación de estímulos propioceptivos mediante actividades que involucren de tracción, tensión, presión, y contracción muscular. (Marco de referencia de Integración sensorial – Jean Ayres).'),
(26,	26,	'Facilitar las relaciones espaciales a través de actividades que implique de la ubicación de objetos en direcciones relacionadas consigo mismo, frente a él y entre objetos. (Marco de referencia Perceptivo-Cognitivo)'),
(27,	27,	'Favorecer la percepción visual por medio de actividades que requieran de la identificación y discriminación de colores, formas y tamaños. (Marco de referencia de Integración sensorial – Jean Ayres).'),
(28,	28,	'Incrementar los niveles de umbral auditivo mediante actividades que demanden de la localización de estímulos sonoros ante el seguimiento de instrucciones de manera verbal. Marco de referencia de Integración sensorial – Jean Ayres).'),
(29,	29,	'Facilitar el reconocimiento de información sensorial gustativa por medio de actividades que implique el contacto con estímulos dulces, salados, ácidos y amargos. Marco de referencia de Integración sensorial – Jean Ayres).'),
(30,	30,	'Favorecer el reconocimiento y discriminación de estímulos sensoriales olfativos por medio de actividades que involucren el contacto con olores agradables y desagradables. (Marco de referencia de Integración sensorial – Jean Ayres).'),
(31,	31,	'Facilitar la tolerancia a estímulos visuales lumínicos por medio de actividades que impliquen cambios graduales en la intensidad de la luz. Marco de referencia de Integración sensorial – Jean Ayres).'),
(32,	32,	'Favorecer la percepción temporo-espacial mediante actividades que impliquen de la identificación y nominación de aspectos relacionados consigo mismo y el ambiente que lo rodea.  (Marco de referencia Perceptivo-Cognitivo)'),
(33,	33,	'Favorecer la percepción de dimensiones por medio de actividades que impliquen de la identificación y nominación de características en objetos, entre objetos y láminas. (Marco de referencia Perceptivo-Cognitivo)'),
(34,	34,	'Favorecer la lateralidad mediante actividades que requieran de un alto grado de destreza con relación al reconocimiento y localización derecha e izquierda. (Marco de referencia Perceptivo-Cognitivo)'),
(35,	35,	'Favorecer el reconocimiento de objetos y formas mediante actividades que requieran de la asociación de características, similitudes y diferentes. (Marco de referencia Perceptivo-Cognitivo)'),
(36,	36,	'Favorecer la percepción de información sensorial térmica por medio de actividades que demande del contacto con estímulos calientes y fríos. Marco de referencia de Integración sensorial – Jean Ayres).'),
(37,	37,	'Favorecer el procesamiento de estímulos vestibulares mediante actividades que requieran de la graduación de cambios de posición de la cabeza. Marco de referencia de Integración sensorial – Jean Ayres).'),
(38,	38,	'Facilitar la capacidad de alerta por medio de actividades que impliquen fijación, seguimiento visual y cambios en la posición de la cabeza y cuerpo. (Marco de referencia Perceptivo-Cognitivo).'),
(39,	39,	'Favorecer la capacidad de orientación mediante actividades que demanden de identificación y nominación de componentes inmersos en una situación. (Marco de referencia Perceptivo-Cognitivo).'),
(40,	40,	'Facilitar la capacidad de reconocimiento mediante actividades que impliquen la nominación y descripción de propiedades de objetos presentados previamente. (Marco de referencia Perceptivo-Cognitivo).'),
(41,	41,	'Fomentar la capacidad de centrarse en una tarea específica mediante la ejecución de actividades que requieran seguimiento detallado de instrucciones. (Marco de referencia Perceptivo-Cognitivo).'),
(42,	42,	'Facilitar el reconocimiento autopsíquico y alopsiquíco a través de actividades que involucren el relato de experiencias anteriormente vivenciadas. (Enfoque Analítico-Freud). '),
(43,	43,	'Favorecer la retención de información por medio de actividades que impliquen de evocación de recuerdos del pasado y presente. (Marco de referencia Perceptivo-Cognitivo).'),
(44,	44,	'Fomentar la capacidad de análisis a partir de actividades que plantee situaciones por medio de la elaboración de conclusiones y aprendizaje consciente de los hechos. (Enfoque Analítico-Freud).'),
(45,	45,	'Favorecer la adquisición de nuevos conceptos y conductas a través de actividades que ofrezcan experiencias novedosas. (Marco de referencia Perceptivo-Cognitivo).'),
(46,	46,	'Fomentar la capacidad de formación de conceptos por medio de actividades que requieran de la organización de ideas a partir de la experiencia. (Marco de referencia Perceptivo-Cognitivo).'),
(47,	47,	'Facilitar la secuenciación de ideas mediante actividades que requieran de la comprensión y organización de respuestas ante determinada situación. (Enfoque Analítico-Freud).'),
(48,	48,	'Fomentar la memoria operativa para la ejecución de tareas específicas por medio de actividades que requieran procesamiento y mantenimiento de la información percibida. (Marco de referencia Perceptivo-Cognitivo).'),
(49,	49,	'Favorecer el seguimiento de instrucciones mediante actividades estructuradas que requieran de la secuenciación ordenada de pasos establecidos. (Marco de referencia Perceptivo-Cognitivo).'),
(50,	50,	'Facilitar la asociación de la información percibida a través de actividades que impliquen el relato de detalles de los componentes inmersos en una situación. (Enfoque Analítico-Freud).'),
(51,	51,	'Favorecer el aprendizaje vivencial mediante actividades de interés y satisfacción personal. (Enfoque Analítico-Freud).'),
(52,	52,	'Fomentar la resolución de problemas mediante actividades que involucren la identificación de la relación causa-efecto y el establecimiento de alternativas de solución. (Enfoque Analítico-Freud).'),
(53,	53,	'Facilitar el lenguaje articulatorio por medio de actividades que requieran de pronunciación de palabras y frases. (Enfoque Psicosocial- Freud). '),
(54,	54,	'Facilitar la expresión personal apropiada a través de actividades sociales que involucren del intercambio de opiniones e ideas.  (Enfoque Cognitivo-Conductual, Bandura, Beck, Phillips, Peterson).'),
(55,	55,	'Facilitar la interacción con el entorno físico y humano mediante actividades grupales que requieran de contacto social. (Enfoque Psicosocial- Freud).'),
(56,	56,	'Fortalecer la creencia en sí mismo por medio de actividades grupales que demanden de un ambiente armonioso. (Enfoque Psicosocial- Freud).'),
(57,	57,	'Facilitar la comunicación bidireccional por medio de actividades duales que requieran de preguntas y diálogos abiertos. (Enfoque Psicosocial- Freud).'),
(58,	58,	'Favorecer el mantenimiento del tiempo de actuación consistente y eficaz durante el dialogo por medio de actividades de expresión verbal que requieran el relato de ideas y situaciones puntuales. (Enfoque Psicosocial- Freud).'),
(59,	59,	'Promover la interacción y el valor social a través de actividades en equipo que requieran relaciones asertivas.  (Enfoque Psicosocial- Freud).'),
(60,	60,	'Facilitar la producción de discursos mediante actividades grupales que requieran de conversaciones asertivas y apropiadas. (Enfoque Psicosocial- Freud).'),
(61,	61,	'Fortalecer los intereses sociales a través de actividades en equipo que involucren de ambientes de apoyo y de comunicación asertiva. (Modelo de la ocupación humana- Gary Kielhofner). '),
(62,	62,	'Fortalecer la autoconfianza mediante de actividades que demanden de entablar diálogos al relacionarse con las demás personas. (Enfoque Psicosocial- Freud).'),
(63,	63,	'Facilitar la expresión asertiva mediante actividades que impliquen relacionarse dentro de diferentes entornos sociales. (Enfoque Cognitivo-Conductual, Bandura, Beck, Phillips, Peterson).'),
(64,	64,	'Favorecer los canales de comunicación a través actividades sociales que requieran de colaboración y cooperación voluntaria. (Enfoque Psicosocial- Freud). '),
(65,	65,	'Fomentar actitudes y comportamientos positivos por medio de actividades psicoeducativas que requieran de contacto con el otro. (Enfoque Cognitivo-Conductual, Bandura, Beck, Phillips, Peterson).'),
(66,	66,	'Fortalecer el valor de compartir y ayudar a los demás mediante actividades de enseñanza y reflexión personal. (Enfoque Psicosocial- Freud).   '),
(67,	67,	'Promover la asertividad y comunicación mediante actividades grupales que demanden de participación social. (Enfoque Cognitivo-Conductual, Bandura, Beck, Phillips, Peterson).'),
(68,	68,	'Facilitar la expresión de críticas constructivas de manera asertiva por medio de actividades que requieran de control emocional. (Enfoque Cognitivo-Conductual, Bandura, Beck, Phillips, Peterson).'),
(69,	69,	'Favorecer el contacto social de manera asertiva por medio de actividades grupales que requieran de relacionarse interpersonalmente. (Enfoque Psicosocial- Freud).   '),
(70,	70,	'Fortalecer los valores personales y sociales a través de actividades vivenciales y situacionales que requieran de reflexión. (Modelo de la ocupación humana- Gary Kielhofner).'),
(71,	71,	'Promover el contacto con la realidad mediante actividades de expresión y control de emociones. (Enfoque Cognitivo-Conductual, Bandura, Beck, Phillips, Peterson).'),
(72,	72,	'Favorecer la expresión de emociones y sentimientos negativos por medio de actividades de expreso-proyección y descarga emocional que posibiliten el conocimiento intrapsíquico. (Marco de Referencia Psicodinámico- Freud)'),
(73,	73,	'Fomentar el contacto con el otro por medio de actividades de trabajo en grupo que requieran de cooperación y ejecución de roles. (Enfoque Psicosocial- Freud)'),
(74,	74,	'Favorecer el contacto con círculos sociales mediante actividades de modalidad grupal que requieran la participación colectiva para el cumplimiento de tareas específicas. (Enfoque Psicosocial- Freud)'),
(75,	75,	'Facilitar la búsqueda de alternativas de solución para hacer frente a las situaciones de forma sensata a través del reconocimiento y elección de estrategias o técnicas de manejo emocional. (Enfoque Psicosocial- Freud)'),
(76,	76,	'Fomentar los vínculos sociales afectivos a través de actividades de modalidad grupal que impliquen de expresión de emociones y contacto asertivo con el otro. (Enfoque Psicosocial- Freud)'),
(77,	77,	'Favorecer la satisfacción personal mediante la ejecución de actividades que implique intereses y gustos. (Modelo de la ocupación humana- Gary Kielhofner).'),
(78,	78,	'Fomentar la escucha asertiva mediante actividades psicoeducativas que proporcionen estrategias para acatar y seguir órdenes dando cumplimiento a una tarea específica. (Enfoque Psicosocial- Freud)'),
(79,	79,	'Fomentar la seguridad en sí mismo por medio de actividades de liderazgo y expresión de ideas.  (Modelo de la ocupación humana- Gary Kielhofner).'),
(80,	80,	'Favorecer la expresión y canalización de emociones negativas a través de actividades que involucren descarga emocional y expresión franca de impulsos. (Marco de Referencia Psicodinámico- Freud)'),
(81,	81,	'Modular los niveles de frustración por medio de la graduación de complejidad en actividades que requieran de seguimiento detallado de pasos. (Marco de Referencia Psicodinámico- Freud).'),
(82,	82,	'Favorecer el crecimiento yoico por medio de actividades de interés personal y gratificación inmediata. (Enfoque Psicosocial- Freud)'),
(83,	83,	'Favorecer autoconcepto mediante actividades de reconocimiento de habilidades, fortalezas y participación en actividades significativas. (Enfoque Psicosocial- Freud)'),
(84,	84,	'Fomentar el contacto con la realidad a través de actividades de confrontación y expresión franca. (Enfoque Psicosocial- Freud)'),
(85,	85,	'Favorecer el contacto asertivo con las demás personas mediante actividades en equipo que demanden de cooperación y cohesión colectiva.  (Marco de Referencia Psicodinámico- Freud).'),
(86,	86,	'Canalizar el sentimiento de culpa a través de actividades de tipo expresó proyectivas y de descarga emocional. (Enfoque Psicosocial- Freud)'),
(87,	87,	'Fomentar la expresión de sentimientos positivos por medio de actividades que impliquen contacto con la realidad y diversificación de perspectivas ante una determinada situación. (Enfoque Psicosocial- Freud).'),
(88,	88,	'Fomentar la autoestima mediante actividades de reconocimiento de capacidades y habilidades que impliquen gratificación inmediata. (Enfoque Psicosocial- Freud).'),
(89,	89,	'Fomentar el autocontrol de emociones mediante actividades que impliquen la puesta en marcha de estrategias de regulación emocional tales como meditación, respiración y movimientos corporales. (Marco de Referencia Psicodinámico- Freud).'),
(90,	90,	'Favorecer el autoconocimiento a través de actividades que impliquen el reconocimiento, expresión y vinculación de capacidades y habilidades para la participación en actividades significativas. (Enfoque Psicosocial- Freud).'),
(91,	91,	'Favorecer la empatía mediante actividades duales y grupales que involucren el reconocimiento y comprensión de comportamientos del otro. (Enfoque Psicosocial- Freud).');

DROP TABLE IF EXISTS `respuesta`;
CREATE TABLE `respuesta` (
  `id` int(10) NOT NULL AUTO_INCREMENT,
  `pregunta_id` int(10) DEFAULT NULL,
  `respuesta` int(11) NOT NULL,
  `id_recomendacion` int(10) DEFAULT NULL,
  `idV` int(10) DEFAULT NULL,
  PRIMARY KEY (`id`),
  KEY `pregunta_id` (`pregunta_id`),
  KEY `id_recomendacion` (`id_recomendacion`),
  KEY `idV` (`idV`)
) ENGINE=MyISAM AUTO_INCREMENT=521 DEFAULT CHARSET=utf8 COLLATE=utf8_unicode_ci;

INSERT INTO `respuesta` (`id`, `pregunta_id`, `respuesta`, `id_recomendacion`, `idV`) VALUES
(1,	38,	1,	38,	1),
(2,	39,	2,	NULL,	1),
(3,	40,	2,	NULL,	1),
(4,	38,	1,	38,	2),
(5,	39,	2,	NULL,	2),
(6,	40,	2,	NULL,	2),
(15,	3,	2,	NULL,	5),
(14,	5,	2,	NULL,	5),
(13,	4,	1,	4,	5),
(16,	1,	1,	1,	5),
(17,	2,	2,	NULL,	5),
(18,	6,	2,	NULL,	5),
(19,	7,	2,	NULL,	5),
(20,	8,	1,	8,	5),
(21,	9,	2,	NULL,	5),
(22,	10,	2,	NULL,	5),
(23,	11,	1,	11,	5),
(24,	12,	2,	NULL,	5),
(25,	13,	2,	NULL,	5),
(26,	14,	1,	14,	5),
(27,	15,	2,	NULL,	5),
(28,	16,	2,	NULL,	5),
(29,	17,	1,	17,	5),
(30,	18,	2,	NULL,	5),
(31,	19,	2,	NULL,	5),
(32,	20,	1,	20,	5),
(33,	21,	2,	NULL,	5),
(34,	38,	2,	NULL,	6),
(35,	39,	1,	39,	6),
(36,	40,	2,	NULL,	6),
(37,	22,	1,	22,	7),
(38,	23,	2,	NULL,	7),
(39,	24,	2,	NULL,	7),
(40,	25,	2,	NULL,	7),
(41,	26,	2,	NULL,	7),
(42,	27,	2,	NULL,	7),
(43,	28,	2,	NULL,	7),
(44,	29,	1,	29,	7),
(45,	30,	2,	NULL,	7),
(46,	31,	2,	NULL,	7),
(47,	32,	2,	NULL,	7),
(48,	33,	1,	33,	7),
(49,	34,	2,	NULL,	7),
(50,	35,	2,	NULL,	7),
(51,	36,	2,	NULL,	7),
(52,	37,	1,	37,	7),
(53,	4,	2,	NULL,	8),
(54,	5,	2,	NULL,	8),
(55,	3,	2,	NULL,	8),
(56,	1,	2,	NULL,	8),
(57,	2,	1,	2,	8),
(58,	6,	2,	NULL,	8),
(59,	7,	2,	NULL,	8),
(60,	8,	2,	NULL,	8),
(61,	9,	2,	NULL,	8),
(62,	10,	1,	10,	8),
(63,	11,	2,	NULL,	8),
(64,	12,	2,	NULL,	8),
(65,	13,	2,	NULL,	8),
(66,	14,	2,	NULL,	8),
(67,	15,	1,	15,	8),
(68,	16,	2,	NULL,	8),
(69,	17,	2,	NULL,	8),
(70,	18,	2,	NULL,	8),
(71,	19,	2,	NULL,	8),
(72,	20,	1,	20,	8),
(73,	21,	2,	NULL,	8),
(278,	30,	2,	NULL,	25),
(277,	29,	2,	NULL,	25),
(262,	30,	2,	NULL,	24),
(261,	29,	1,	29,	24),
(260,	28,	2,	NULL,	24),
(259,	27,	2,	NULL,	24),
(258,	26,	1,	26,	24),
(257,	25,	2,	NULL,	24),
(256,	24,	2,	NULL,	24),
(255,	23,	2,	NULL,	24),
(254,	22,	1,	22,	24),
(212,	21,	2,	NULL,	18),
(211,	20,	1,	20,	18),
(210,	19,	2,	NULL,	18),
(209,	18,	2,	NULL,	18),
(208,	17,	2,	NULL,	18),
(207,	16,	2,	NULL,	18),
(206,	15,	1,	15,	18),
(205,	14,	2,	NULL,	18),
(204,	13,	2,	NULL,	18),
(203,	12,	2,	NULL,	18),
(202,	11,	1,	11,	18),
(201,	10,	2,	NULL,	18),
(200,	9,	2,	NULL,	18),
(199,	8,	2,	NULL,	18),
(198,	7,	1,	7,	18),
(197,	6,	2,	NULL,	18),
(196,	5,	2,	NULL,	18),
(195,	4,	2,	NULL,	18),
(194,	3,	2,	NULL,	18),
(193,	2,	2,	NULL,	18),
(192,	1,	1,	1,	18),
(270,	22,	1,	22,	25),
(312,	11,	2,	NULL,	36),
(311,	10,	2,	NULL,	36),
(310,	9,	2,	NULL,	36),
(309,	8,	2,	NULL,	36),
(308,	7,	2,	NULL,	36),
(307,	6,	2,	NULL,	36),
(306,	5,	2,	NULL,	36),
(305,	4,	2,	NULL,	36),
(304,	3,	2,	NULL,	36),
(303,	2,	2,	NULL,	36),
(302,	1,	1,	1,	36),
(294,	40,	2,	NULL,	28),
(293,	39,	1,	39,	28),
(292,	38,	2,	NULL,	28),
(325,	40,	2,	NULL,	37),
(324,	39,	2,	NULL,	37),
(323,	38,	1,	38,	37),
(285,	37,	2,	NULL,	25),
(284,	36,	2,	NULL,	25),
(283,	35,	2,	NULL,	25),
(282,	34,	2,	NULL,	25),
(281,	33,	1,	33,	25),
(280,	32,	2,	NULL,	25),
(279,	31,	2,	NULL,	25),
(182,	38,	2,	NULL,	15),
(183,	39,	1,	39,	15),
(184,	40,	2,	NULL,	15),
(274,	26,	2,	NULL,	25),
(275,	27,	2,	NULL,	25),
(276,	28,	1,	28,	25),
(273,	25,	2,	NULL,	25),
(272,	24,	2,	NULL,	25),
(271,	23,	2,	NULL,	25),
(313,	12,	1,	12,	36),
(314,	13,	2,	NULL,	36),
(315,	14,	2,	NULL,	36),
(316,	15,	2,	NULL,	36),
(317,	16,	2,	NULL,	36),
(318,	17,	2,	NULL,	36),
(319,	18,	1,	18,	36),
(320,	19,	2,	NULL,	36),
(321,	20,	2,	NULL,	36),
(322,	21,	2,	NULL,	36),
(442,	23,	2,	NULL,	74),
(436,	38,	2,	NULL,	72),
(437,	39,	2,	NULL,	72),
(438,	40,	2,	NULL,	72),
(439,	41,	2,	NULL,	73),
(440,	42,	2,	NULL,	73),
(441,	22,	1,	22,	74),
(475,	14,	2,	NULL,	77),
(474,	13,	2,	NULL,	77),
(473,	12,	2,	NULL,	77),
(472,	11,	2,	NULL,	77),
(471,	10,	2,	NULL,	77),
(470,	9,	2,	NULL,	77),
(469,	8,	2,	NULL,	77),
(468,	7,	2,	NULL,	77),
(467,	6,	2,	NULL,	77),
(466,	5,	2,	NULL,	77),
(465,	4,	2,	NULL,	77),
(464,	3,	2,	NULL,	77),
(463,	2,	2,	NULL,	77),
(462,	1,	1,	1,	77),
(461,	42,	2,	NULL,	76),
(460,	41,	2,	NULL,	76),
(459,	40,	2,	NULL,	75),
(458,	39,	2,	NULL,	75),
(457,	38,	1,	38,	75),
(456,	37,	2,	NULL,	74),
(455,	36,	2,	NULL,	74),
(454,	35,	1,	35,	74),
(453,	34,	2,	NULL,	74),
(452,	33,	2,	NULL,	74),
(451,	32,	2,	NULL,	74),
(450,	31,	1,	31,	74),
(449,	30,	2,	NULL,	74),
(448,	29,	2,	NULL,	74),
(447,	28,	2,	NULL,	74),
(446,	27,	2,	NULL,	74),
(445,	26,	2,	NULL,	74),
(443,	24,	2,	NULL,	74),
(444,	25,	2,	NULL,	74),
(479,	18,	2,	NULL,	77),
(477,	16,	2,	NULL,	77),
(478,	17,	2,	NULL,	77),
(480,	19,	2,	NULL,	77),
(481,	20,	2,	NULL,	77),
(476,	15,	2,	NULL,	77),
(482,	21,	1,	21,	77),
(483,	41,	2,	NULL,	78),
(484,	42,	2,	NULL,	78),
(485,	38,	2,	NULL,	79),
(486,	39,	1,	39,	79),
(487,	40,	2,	NULL,	79),
(499,	5,	2,	NULL,	83),
(498,	4,	2,	NULL,	83),
(497,	3,	2,	NULL,	83),
(495,	1,	1,	NULL,	83),
(496,	2,	2,	NULL,	83),
(500,	6,	2,	NULL,	83),
(501,	7,	2,	NULL,	83),
(502,	8,	2,	NULL,	83),
(503,	9,	2,	NULL,	83),
(504,	10,	2,	NULL,	83),
(505,	11,	2,	NULL,	83),
(506,	12,	2,	NULL,	83),
(507,	13,	2,	NULL,	83),
(508,	14,	2,	NULL,	83),
(509,	15,	1,	15,	83),
(510,	16,	2,	NULL,	83),
(511,	17,	2,	NULL,	83),
(512,	18,	2,	NULL,	83),
(513,	19,	2,	NULL,	83),
(514,	20,	1,	20,	83),
(515,	21,	2,	NULL,	83),
(516,	38,	2,	NULL,	84),
(517,	39,	2,	NULL,	84),
(518,	40,	2,	NULL,	84),
(519,	41,	1,	NULL,	85),
(520,	42,	2,	NULL,	85);

DROP TABLE IF EXISTS `sesion`;
CREATE TABLE `sesion` (
  `id` int(11) NOT NULL AUTO_INCREMENT,
  `idT` int(50) NOT NULL,
  `responsable` varchar(100) CHARACTER SET utf8 COLLATE utf8_spanish_ci NOT NULL,
  `descripcion` varchar(900) CHARACTER SET utf8 COLLATE utf8_spanish_ci NOT NULL,
  `fechaRegistro` date DEFAULT NULL,
  PRIMARY KEY (`id`),
  KEY `sesion_1` (`idT`),
  CONSTRAINT `sesion_1` FOREIGN KEY (`idT`) REFERENCES `terapia` (`id`)
) ENGINE=InnoDB AUTO_INCREMENT=24 DEFAULT CHARSET=utf8 COLLATE=utf8_unicode_ci;

INSERT INTO `sesion` (`id`, `idT`, `responsable`, `descripcion`, `fechaRegistro`) VALUES
(18,	13,	'teresa',	'presenta mejoria',	'2019-10-28'),
(19,	14,	'juan',	'mejoro un 20 % parte superior',	'2019-11-25'),
(20,	13,	'pedro',	'fgfdgfdgfdgfgfdgfg',	'2019-11-26'),
(21,	14,	'carlos',	'tal cosas',	'2019-11-26'),
(22,	14,	'carlos',	'tal cosas',	'2019-11-26'),
(23,	28,	'mafer',	'dfdsfdsdsf',	'2019-12-06');

DROP TABLE IF EXISTS `terapia`;
CREATE TABLE `terapia` (
  `id` int(11) NOT NULL AUTO_INCREMENT,
  `idP` int(11) DEFAULT NULL,
  `responsable` varchar(100) CHARACTER SET utf8 COLLATE utf8_spanish_ci NOT NULL,
  `descripcion` varchar(1000) CHARACTER SET utf8 COLLATE utf8_spanish_ci NOT NULL,
  `fechaRegistro` date DEFAULT NULL,
  `fechaInicio` varchar(50) CHARACTER SET utf8 COLLATE utf8_spanish_ci NOT NULL,
  `cantidadSesion` int(11) NOT NULL,
  `avance` int(11) NOT NULL,
  `estado` varchar(20) CHARACTER SET utf8 COLLATE utf8_spanish_ci NOT NULL,
  PRIMARY KEY (`id`),
  KEY `Terapia1` (`idP`),
  CONSTRAINT `Terapia1` FOREIGN KEY (`idP`) REFERENCES `paciente` (`id`)
) ENGINE=InnoDB AUTO_INCREMENT=29 DEFAULT CHARSET=utf8 COLLATE=utf8_unicode_ci;

INSERT INTO `terapia` (`id`, `idP`, `responsable`, `descripcion`, `fechaRegistro`, `fechaInicio`, `cantidadSesion`, `avance`, `estado`) VALUES
(13,	1,	'teresa',	'mal emocionalmente',	'2019-10-28',	'2019-10-16',	4,	4,	'Finalizada'),
(14,	1,	'juan',	'que tal esto es',	'2019-11-25',	'2019-11-25',	4,	3,	'Activo'),
(15,	1,	'mafer',	'tal cual',	'2019-11-25',	'2019-11-25',	2,	0,	'Activo'),
(16,	2,	'mafer',	'cuanto ??',	'2019-11-25',	'2019-11-14',	2,	0,	'Activo'),
(20,	2,	'juan carlos',	'fsdfdsfsd',	'2019-11-25',	'2019-11-25',	2,	0,	'Activo'),
(21,	2,	'miguel',	'dsdsdfdsf',	'2019-11-25',	'2019-11-25',	3,	0,	'Activo'),
(22,	2,	'tomas',	'fsdfdsfdsf',	'2019-11-25',	'2019-11-25',	2,	0,	'Activo'),
(23,	2,	'pablo',	'323343242',	'2019-11-25',	'2019-11-25',	2,	0,	'Activo'),
(24,	1,	'juan camilo',	'sssfsfsdwrrerewwrre',	'2019-11-25',	'2019-11-25',	2,	0,	'Activo'),
(25,	2,	'gabriel',	'sdsfddssfsdqweqw',	'2019-11-25',	'2019-11-25',	3,	0,	'Activo'),
(26,	2,	'gabi',	'ssdsdsadwre',	'2019-11-25',	'2019-11-25',	3,	0,	'Activo'),
(27,	2,	'maria',	'fdfsdfdfd',	'2019-11-26',	'2019-11-26',	2,	0,	'Activo'),
(28,	1,	'heidy',	'se mando terapia para tal',	'2019-12-06',	'2019-12-06',	2,	1,	'Activo');

DROP TABLE IF EXISTS `tipovalora`;
CREATE TABLE `tipovalora` (
  `id` int(10) NOT NULL DEFAULT '0',
  `nombre` varchar(100) DEFAULT NULL,
  PRIMARY KEY (`id`)
) ENGINE=MyISAM DEFAULT CHARSET=utf8;

INSERT INTO `tipovalora` (`id`, `nombre`) VALUES
(1,	'Motora y Praxis'),
(2,	'Sensoriales y Perceptuales'),
(3,	'Cognitivas'),
(4,	'Comunicacion y Sociales'),
(5,	'Emocional');

DROP TABLE IF EXISTS `usuario`;
CREATE TABLE `usuario` (
  `id` int(11) NOT NULL AUTO_INCREMENT,
  `usuario` varchar(50) CHARACTER SET utf8 COLLATE utf8_spanish_ci DEFAULT NULL,
  `contra` varchar(50) CHARACTER SET utf8 COLLATE utf8_spanish_ci DEFAULT NULL,
  `nombres` varchar(100) CHARACTER SET utf8 COLLATE utf8_spanish_ci NOT NULL,
  `apellidos` varchar(100) CHARACTER SET utf8 COLLATE utf8_spanish_ci NOT NULL,
  `direccion` varchar(150) CHARACTER SET utf8 COLLATE utf8_spanish_ci NOT NULL,
  `telefono` varchar(50) CHARACTER SET utf8 COLLATE utf8_spanish_ci NOT NULL,
  `numeroDocumento` varchar(50) CHARACTER SET utf8 COLLATE utf8_spanish_ci NOT NULL,
  `email` varchar(50) CHARACTER SET utf8 COLLATE utf8_spanish_ci NOT NULL,
  `fechaNacimiento` varchar(50) CHARACTER SET utf8 COLLATE utf8_spanish_ci NOT NULL,
  `fechaRegistro` date NOT NULL,
  `tipoU` int(11) NOT NULL,
  PRIMARY KEY (`id`),
  UNIQUE KEY `numeroDocumento` (`numeroDocumento`),
  UNIQUE KEY `usuario` (`usuario`)
) ENGINE=InnoDB AUTO_INCREMENT=54 DEFAULT CHARSET=utf8 COLLATE=utf8_unicode_ci;

INSERT INTO `usuario` (`id`, `usuario`, `contra`, `nombres`, `apellidos`, `direccion`, `telefono`, `numeroDocumento`, `email`, `fechaNacimiento`, `fechaRegistro`, `tipoU`) VALUES
(10,	'maria',	'12121',	'fernanda',	'palencia',	'dfdf',	'1312',	'1090',	'mafer18199420@gmail.com',	'1994-08-13',	'2018-09-18',	1),
(11,	'sandra',	'12',	'viviana',	'Palacios',	'call 11 av 8',	'3132788899',	'12345',	'sandra20@gmail.com',	'1993-08-12',	'2019-02-05',	2),
(37,	'juanramirez@gmail.com',	'1234',	'juan',	'ramirez',	'cll 4 n 1-24 aeropuerto',	'57345',	'9010',	'juanramirez@gmail.com',	'1999-08-13',	'2019-05-20',	2),
(38,	'yuliandrea@hotmail.com',	'1093',	'andrea',	'ropero',	'cll 5 n 1-29',	'3142204484',	'1093',	'yuliandrea@hotmail.com',	'1993-09-13',	'2019-05-24',	2),
(39,	'mafer3@gmail.com',	'1098',	'jorge',	'leon',	'cll 5 n3-24',	'6789',	'1098',	'jorge3@gmail.com',	'1995-02-13',	'2019-05-24',	2),
(40,	'brayan_cruz@gmail.com',	'1234567',	'brayan',	'cruz',	'cll 7 tal',	'7654321',	'1234567',	'braya_cruz@gmail.com',	'1994-05-14',	'2019-05-29',	2),
(41,	'mk@gmail.com',	'190',	'l',	'p',	'cll 8',	'098',	'190',	'mk@gmail.com',	'1994-08-14',	'2019-06-01',	3),
(42,	'mgj@hotmail.com',	'43',	'3',	'4',	'hk',	'65432',	'43',	'mgj@hotmail.com',	'1993-08-15',	'2019-07-03',	3),
(43,	'camilo@gmail.com',	'0987',	'camilo',	'caceres',	'cll 5',	'345',	'0987',	'camilo@gmail.com',	'1994-10-01',	'2019-10-23',	3),
(44,	'juan_carlos@gmail.com',	'1090479',	'juan carlos',	'caceres',	'cll 8 ',	'123456789',	'1090479',	'juan_carlos7@gmail.com',	'1989-10-02',	'2019-10-23',	2),
(45,	'camilo_134@gmail.com',	'654321',	'camilo',	'bayona',	'cll 15 ',	'123456',	'654321',	'camilo_134@gmail.com',	'1990-08-13',	'2019-10-23',	3),
(46,	'val@gmail.com',	'4321',	'vale',	'jerez',	'cll tal',	'12345',	'4321',	'val@gmail.com',	'2001-11-11',	'2019-11-23',	3),
(53,	'susan@hotmail.com',	'23432',	'susana',	'valencia',	'cll 5 rr',	'6756',	'23432',	'susan@hotmail.com',	'1994-12-05',	'2019-12-05',	3);

DROP TABLE IF EXISTS `usu_paciente`;
CREATE TABLE `usu_paciente` (
  `id_usu_paciente` int(11) NOT NULL AUTO_INCREMENT,
  `id_paciente` int(11) NOT NULL,
  `id_encargado` int(11) NOT NULL,
  `fechaRegistro` timestamp NULL DEFAULT NULL ON UPDATE CURRENT_TIMESTAMP,
  PRIMARY KEY (`id_usu_paciente`),
  KEY `usu_2` (`id_paciente`),
  KEY `FK_usuario` (`id_encargado`),
  CONSTRAINT `usu_paciente_ibfk_4` FOREIGN KEY (`id_encargado`) REFERENCES `usuario` (`id`),
  CONSTRAINT `usu_paciente_ibfk_5` FOREIGN KEY (`id_paciente`) REFERENCES `paciente` (`id`)
) ENGINE=InnoDB AUTO_INCREMENT=25 DEFAULT CHARSET=utf8 COLLATE=utf8_unicode_ci;

INSERT INTO `usu_paciente` (`id_usu_paciente`, `id_paciente`, `id_encargado`, `fechaRegistro`) VALUES
(13,	1,	11,	'2019-08-22 04:24:51'),
(14,	2,	11,	'2019-09-08 03:42:28'),
(15,	3,	44,	'2019-11-14 17:47:44'),
(16,	4,	11,	'2019-12-05 04:54:09'),
(18,	6,	11,	'2019-12-05 06:17:38'),
(19,	7,	11,	'2019-12-05 06:27:34'),
(20,	8,	11,	'2019-12-05 06:36:31'),
(21,	9,	11,	'2019-12-05 06:45:41'),
(22,	10,	11,	'2019-12-05 06:51:07'),
(23,	11,	11,	'2019-12-05 07:05:20'),
(24,	12,	11,	'2019-12-06 16:35:46');

DROP TABLE IF EXISTS `valoracion`;
CREATE TABLE `valoracion` (
  `idV` int(10) NOT NULL AUTO_INCREMENT,
  `id_paciente` int(11) DEFAULT NULL,
  `id_encargado` int(11) DEFAULT NULL,
  `fechaValora` date DEFAULT NULL,
  PRIMARY KEY (`idV`),
  KEY `id_paciente` (`id_paciente`),
  KEY `id_encargado` (`id_encargado`)
) ENGINE=MyISAM AUTO_INCREMENT=86 DEFAULT CHARSET=utf8 COLLATE=utf8_unicode_ci;

INSERT INTO `valoracion` (`idV`, `id_paciente`, `id_encargado`, `fechaValora`) VALUES
(1,	1,	11,	'2019-11-21'),
(2,	1,	11,	'2019-11-21'),
(5,	1,	11,	'2019-11-21'),
(6,	1,	11,	'2019-11-22'),
(7,	1,	11,	'2019-11-22'),
(8,	1,	11,	'2019-11-22'),
(27,	2,	11,	'2019-11-24'),
(25,	2,	11,	'2019-11-24'),
(15,	1,	11,	'2019-11-24'),
(18,	2,	11,	'2019-11-24'),
(28,	1,	11,	'2019-11-25'),
(36,	1,	11,	'2019-11-25'),
(73,	4,	11,	'2019-12-06'),
(72,	4,	11,	'2019-12-06'),
(77,	4,	11,	'2019-12-06'),
(76,	4,	11,	'2019-12-06'),
(75,	4,	11,	'2019-12-06'),
(78,	4,	11,	'2019-12-06'),
(74,	4,	11,	'2019-12-06'),
(79,	4,	11,	'2019-12-06'),
(84,	4,	11,	'2019-12-07'),
(83,	4,	11,	'2019-12-07'),
(85,	4,	11,	'2019-12-07');

-- 2019-12-09 01:04:06
